{"cameraMode":{"drawMode":0,"name":"Shaded","section":"Shading Mode"},"sceneLighting":false,"audioPlay":false,"sceneViewState":{"showFog":true,"showMaterialUpdate":false,"showSkybox":false,"showFlares":true,"showImageEffects":true,"showParticleSystems":true},"in2DMode":false,"pivot":{"x":1.5000007152557374,"y":-0.0000718832015991211,"z":0.0008451640605926514},"rotation":{"x":-0.2347138375043869,"y":-0.21880808472633363,"z":0.054313354194164279,"w":-0.945560097694397},"size":6.996372699737549,"orthographic":false}