{"cameraMode":{"drawMode":0,"name":"Shaded","section":"Shading Mode"},"sceneLighting":false,"audioPlay":false,"sceneViewState":{"showFog":true,"showMaterialUpdate":false,"showSkybox":false,"showFlares":true,"showImageEffects":true,"showParticleSystems":true},"in2DMode":false,"pivot":{"x":11.630000114440918,"y":1.5670000314712525,"z":0.0},"rotation":{"x":-0.1698056161403656,"y":0.6490452885627747,"z":-0.15183967351913453,"w":-0.7258456945419312},"size":0.3169310688972473,"orthographic":false}