{"cameraMode":{"drawMode":0,"name":"Shaded","section":"Shading Mode"},"sceneLighting":false,"audioPlay":false,"sceneViewState":{"showFog":true,"showMaterialUpdate":false,"showSkybox":false,"showFlares":true,"showImageEffects":true,"showParticleSystems":true},"in2DMode":false,"pivot":{"x":10.789061546325684,"y":6.4719648361206059,"z":9.803094863891602},"rotation":{"x":-0.2347138375043869,"y":-0.21880808472633363,"z":0.054313354194164279,"w":-0.945560097694397},"size":22.0,"orthographic":false}